{
  "v": "5.7.3",
  "ip": 0.0,
  "op": 150.0,
  "fr": 30.0,
  "w": 1000.0,
  "h": 1000.0,
  "nm": "m",
  "assets": [],
  "layers": [
    {
      "ind": 1,
      "ty": 4,
      "nm": "p",
      "sr": 1.0,
      "ks": {
        "o": { "a": 0, "k": 100.0 },
        "r": { "a": 0, "k": 0.0 },
        "p": {
          "k": [
            {
              "i": { "x": 0.833, "y": 0.833 },
              "o": { "x": 0.167, "y": 0.167 },
              "t": 28.0,
              "s": [352.0, 628.0, 0.0],
              "ti": [-12.333, 5.833, 0.0],
              "to": [0.833, -0.5, 0.0]
            },
            {
              "i": { "x": 0.833, "y": 0.833 },
              "o": { "x": 0.167, "y": 0.167 },
              "t": 33.0,
              "s": [357.0, 625.0, 0.0],
              "ti": [-10.729, 10.621, 0.0],
              "to": [12.333, -5.833, 0.0]
            },
            {
              "i": { "x": 0.833, "y": 0.833 },
              "o": { "x": 0.167, "y": 0.167 },
              "t": 41.0,
              "s": [426.0, 593.0, 0.0],
              "ti": [0.223, 29.679, 0.0],
              "to": [35.85, -35.488, 0.0]
            },
            {
              "i": { "x": 0.833, "y": 0.833 },
              "o": { "x": 0.167, "y": 0.167 },
              "t": 50.0,
              "s": [380.099, 472.072, 0.0],
              "ti": [-25.621, -0.91, 0.0],
              "to": [-34.223, -62.679, 0.0]
            },
            {
              "i": { "x": 0.833, "y": 0.833 },
              "o": { "x": 0.167, "y": 0.167 },
              "t": 58.0,
              "s": [424.662, 414.929, 0.0],
              "ti": [-10.483, -27.904, 0.0],
              "to": [93.621, 5.91, 0.0]
            },
            {
              "i": { "x": 0.833, "y": 0.833 },
              "o": { "x": 0.167, "y": 0.167 },
              "t": 66.0,
              "s": [533.826, 477.529, 0.0],
              "ti": [-34.231, 7.877, 0.0],
              "to": [28.556, 76.012, 0.0]
            },
            {
              "i": { "x": 0.833, "y": 0.833 },
              "o": { "x": 0.167, "y": 0.167 },
              "t": 74.0,
              "s": [608.0, 565.0, 0.0],
              "ti": [-28.588, 30.349, 0.0],
              "to": [17.696, -15.922, 0.0]
            },
            {
              "i": { "x": 0.833, "y": 0.833 },
              "o": { "x": 0.167, "y": 0.167 },
              "t": 81.0,
              "s": [634.0, 496.0, 0.0],
              "ti": [32.0, 101.0, 0.0],
              "to": [8.5, -11.0, 0.0]
            },
            { "t": 89.0, "s": [689.0, 388.0, 0.0] }
          ],
          "a": 1
        },
        "a": { "a": 0, "k": [105.5, 247.0, 0.0] },
        "s": {
          "k": [
            {
              "i": { "x": [0.833, 0.833, 0.833], "y": [0.833, 0.833, 0.833] },
              "o": { "x": [0.167, 0.167, 0.167], "y": [0.167, 0.167, 0.167] },
              "t": 24.0,
              "s": [0.0, 0.0, 100.0]
            },
            { "t": 33.0, "s": [116.0, 116.0, 100.0] }
          ],
          "a": 1
        }
      },
      "shapes": [
        {
          "ty": "gr",
          "nm": "G",
          "bm": 0,
          "it": [
            {
              "ty": "sh",
              "nm": "P",
              "ind": 0,
              "ks": {
                "k": {
                  "i": [
                    [0, 72.199],
                    [56.848, -2.702],
                    [0, -52.342],
                    [0, 0]
                  ],
                  "o": [
                    [0, -57.8],
                    [-50.899, 2.42],
                    [0, 75.717],
                    [0, 0]
                  ],
                  "v": [
                    [99.027, -13.119],
                    [-4.735, -114.761],
                    [-99.027, -16.637],
                    [-0.027, 117.463]
                  ],
                  "c": true
                },
                "a": 0
              }
            },
            {
              "ty": "st",
              "nm": "S",
              "bm": 0,
              "lc": 2,
              "lj": 2,
              "o": { "a": 0, "k": 100.0 },
              "w": { "a": 0, "k": 6.0 },
              "c": { "a": 0, "k": [0.459, 0.459, 0.459, 1.0] }
            },
            {
              "ty": "tr",
              "o": { "a": 0, "k": 100.0 },
              "r": { "a": 0, "k": 0.0 },
              "p": { "a": 0, "k": [105.027, 123.463] },
              "a": { "a": 0, "k": [0.0, 0.0] },
              "s": { "a": 0, "k": [100.0, 100.0] },
              "nm": "T",
              "sk": { "a": 0, "k": 0.0 },
              "sa": { "a": 0, "k": 0.0 }
            }
          ]
        },
        {
          "ty": "gr",
          "nm": "G",
          "bm": 0,
          "it": [
            {
              "ty": "sh",
              "nm": "P",
              "ind": 0,
              "ks": {
                "k": {
                  "i": [
                    [22.509, 0],
                    [0.001, 22.509],
                    [-22.509, 0.001],
                    [0, -22.509],
                    [0, 0]
                  ],
                  "o": [
                    [-22.509, 0],
                    [-0.001, -22.509],
                    [22.509, -0.001],
                    [0, 0],
                    [0, 22.508]
                  ],
                  "v": [
                    [0.002, 40.757],
                    [-40.755, 0.002],
                    [0, -40.755],
                    [40.757, 0],
                    [40.757, 0.001]
                  ],
                  "c": true
                },
                "a": 0
              }
            },
            {
              "ty": "st",
              "nm": "S",
              "bm": 0,
              "lc": 1,
              "lj": 1,
              "ml": 10.0,
              "o": { "a": 0, "k": 100.0 },
              "w": { "a": 0, "k": 6.0 },
              "c": { "a": 0, "k": [0.459, 0.459, 0.459, 1.0] }
            },
            {
              "ty": "tr",
              "o": { "a": 0, "k": 100.0 },
              "r": { "a": 0, "k": 0.0 },
              "p": { "a": 0, "k": [104.997, 108.511] },
              "a": { "a": 0, "k": [0.0, 0.0] },
              "s": { "a": 0, "k": [100.0, 100.0] },
              "nm": "T",
              "sk": { "a": 0, "k": 0.0 },
              "sa": { "a": 0, "k": 0.0 }
            }
          ]
        },
        {
          "ty": "gr",
          "nm": "G",
          "bm": 0,
          "it": [
            {
              "ty": "sh",
              "nm": "P",
              "ind": 0,
              "ks": {
                "k": {
                  "i": [
                    [22.509, 0],
                    [0.001, 22.509],
                    [-22.509, 0.001],
                    [0, -22.509],
                    [0, 0]
                  ],
                  "o": [
                    [-22.509, 0],
                    [-0.001, -22.509],
                    [22.509, -0.001],
                    [0, 0],
                    [0, 22.508]
                  ],
                  "v": [
                    [0.002, 40.757],
                    [-40.755, 0.002],
                    [0, -40.755],
                    [40.757, 0],
                    [40.757, 0.001]
                  ],
                  "c": true
                },
                "a": 0
              }
            },
            {
              "ty": "fl",
              "nm": "F",
              "bm": 0,
              "c": { "a": 0, "k": [1.0, 1.0, 1.0, 1.0] },
              "o": { "a": 0, "k": 100.0 },
              "r": 1
            },
            {
              "ty": "tr",
              "o": { "a": 0, "k": 100.0 },
              "r": { "a": 0, "k": 0.0 },
              "p": { "a": 0, "k": [104.997, 108.511] },
              "a": { "a": 0, "k": [0.0, 0.0] },
              "s": { "a": 0, "k": [100.0, 100.0] },
              "nm": "T",
              "sk": { "a": 0, "k": 0.0 },
              "sa": { "a": 0, "k": 0.0 }
            }
          ]
        },
        {
          "ty": "gr",
          "nm": "G",
          "bm": 0,
          "it": [
            {
              "ty": "sh",
              "nm": "P",
              "ind": 0,
              "ks": {
                "k": {
                  "i": [
                    [56.848, -2.702],
                    [14.796, -10.021],
                    [-12.921, 0.64],
                    [0, -57.801],
                    [26.298, -18.139],
                    [0, 0],
                    [0, 72.199]
                  ],
                  "o": [
                    [-17.847, 0.919],
                    [11.652, -5.619],
                    [56.848, -2.7],
                    [0, 56.61],
                    [0.515, 0.314],
                    [0, 0],
                    [0.003, -57.8]
                  ],
                  "v": [
                    [-26.931, -114.763],
                    [-76.831, -98.04],
                    [-39.597, -107.525],
                    [64.166, -5.883],
                    [-23.027, 116.98],
                    [-22.227, 117.465],
                    [76.828, -13.121]
                  ],
                  "c": true
                },
                "a": 0
              }
            },
            {
              "ty": "fl",
              "nm": "F",
              "bm": 0,
              "c": { "a": 0, "k": [0.72, 0.846, 1.0, 1.0] },
              "o": { "a": 0, "k": 100.0 },
              "r": 1
            },
            {
              "ty": "tr",
              "o": { "a": 0, "k": 100.0 },
              "r": { "a": 0, "k": 0.0 },
              "p": { "a": 0, "k": [127.224, 123.464] },
              "a": { "a": 0, "k": [0.0, 0.0] },
              "s": { "a": 0, "k": [100.0, 100.0] },
              "nm": "T",
              "sk": { "a": 0, "k": 0.0 },
              "sa": { "a": 0, "k": 0.0 }
            }
          ]
        },
        {
          "ty": "gr",
          "nm": "G",
          "bm": 0,
          "it": [
            {
              "ty": "sh",
              "nm": "P",
              "ind": 0,
              "ks": {
                "k": {
                  "i": [
                    [11.934, -9.259],
                    [15.98, 12.644],
                    [0, 49.537],
                    [-12.778, 16.707],
                    [0, -26.487],
                    [0, 0],
                    [-29.197, 36]
                  ],
                  "o": [
                    [-16.066, 12.534],
                    [-29.299, -23.2],
                    [0.073, -21.033],
                    [-17.573, 17.746],
                    [0, 75.717],
                    [0, 0],
                    [-10.306, 11.043]
                  ],
                  "v": [
                    [50.873, 71.959],
                    [-3.728, 71.771],
                    [-75.405, -43.089],
                    [-55.597, -101.258],
                    [-84.285, -32.841],
                    [14.715, 101.258],
                    [84.285, 41.458]
                  ],
                  "c": true
                },
                "a": 0
              }
            },
            {
              "ty": "fl",
              "nm": "F",
              "bm": 0,
              "c": { "a": 0, "k": [0.291, 0.605, 0.989, 1.0] },
              "o": { "a": 0, "k": 100.0 },
              "r": 1
            },
            {
              "ty": "tr",
              "o": { "a": 0, "k": 100.0 },
              "r": { "a": 0, "k": 0.0 },
              "p": { "a": 0, "k": [90.285, 139.667] },
              "a": { "a": 0, "k": [0.0, 0.0] },
              "s": { "a": 0, "k": [100.0, 100.0] },
              "nm": "T",
              "sk": { "a": 0, "k": 0.0 },
              "sa": { "a": 0, "k": 0.0 }
            }
          ]
        },
        {
          "ty": "gr",
          "nm": "G",
          "bm": 0,
          "it": [
            {
              "ty": "sh",
              "nm": "P",
              "ind": 0,
              "ks": {
                "k": {
                  "i": [
                    [0, 72.199],
                    [56.848, -2.702],
                    [0, -52.342],
                    [0, 0]
                  ],
                  "o": [
                    [0, -57.8],
                    [-50.899, 2.42],
                    [0, 75.717],
                    [0, 0]
                  ],
                  "v": [
                    [99.027, -13.119],
                    [-4.735, -114.761],
                    [-99.027, -16.637],
                    [-0.027, 117.463]
                  ],
                  "c": true
                },
                "a": 0
              }
            },
            {
              "ty": "fl",
              "nm": "F",
              "bm": 0,
              "c": { "a": 0, "k": [0.291, 0.605, 0.989, 1.0] },
              "o": { "a": 0, "k": 100.0 },
              "r": 1
            },
            {
              "ty": "tr",
              "o": { "a": 0, "k": 100.0 },
              "r": { "a": 0, "k": 0.0 },
              "p": { "a": 0, "k": [105.027, 123.463] },
              "a": { "a": 0, "k": [0.0, 0.0] },
              "s": { "a": 0, "k": [100.0, 100.0] },
              "nm": "T",
              "sk": { "a": 0, "k": 0.0 },
              "sa": { "a": 0, "k": 0.0 }
            }
          ]
        }
      ],
      "ip": 0.0,
      "op": 157.0,
      "st": 0.0
    },
    {
      "ind": 2,
      "ty": 4,
      "nm": "p",
      "sr": 1.0,
      "ks": {
        "o": { "a": 0, "k": 100.0 },
        "r": { "a": 0, "k": 0.0 },
        "p": { "a": 0, "k": [688.643, 378.643, 0.0] },
        "a": { "a": 0, "k": [48.192, 48.192, 0.0] },
        "s": {
          "k": [
            {
              "i": { "x": [0.833, 0.833, 0.833], "y": [0.833, 0.833, 0.833] },
              "o": { "x": [0.167, 0.167, 0.167], "y": [0.167, 0.167, 0.167] },
              "t": 86.0,
              "s": [0.0, 0.0, 100.0]
            },
            {
              "i": { "x": [0.833, 0.833, 0.833], "y": [0.833, 0.833, 0.833] },
              "o": { "x": [0.167, 0.167, 0.167], "y": [0.167, 0.167, 0.167] },
              "t": 94.0,
              "s": [116.0, 116.0, 100.0]
            },
            {
              "i": { "x": [0.833, 0.833, 0.833], "y": [0.833, 0.833, 0.833] },
              "o": { "x": [0.167, 0.167, 0.167], "y": [0.167, 0.167, 0.167] },
              "t": 103.0,
              "s": [94.0, 94.0, 100.0]
            },
            { "t": 110.0, "s": [116.0, 116.0, 100.0] }
          ],
          "a": 1
        }
      },
      "shapes": [
        {
          "ty": "gr",
          "nm": "G",
          "bm": 0,
          "it": [
            {
              "ty": "sh",
              "nm": "P",
              "ind": 0,
              "ks": {
                "k": {
                  "i": [
                    [-15.434, 0],
                    [0, -15.433],
                    [15.434, 0],
                    [0, 15.435]
                  ],
                  "o": [
                    [15.434, 0],
                    [0, 15.435],
                    [-15.434, 0],
                    [0, -15.433]
                  ],
                  "v": [
                    [0, -27.946],
                    [27.946, -0.001],
                    [0, 27.946],
                    [-27.946, -0.001]
                  ],
                  "c": true
                },
                "a": 0
              }
            },
            {
              "ty": "st",
              "nm": "S",
              "bm": 0,
              "lc": 1,
              "lj": 1,
              "ml": 10.0,
              "o": { "a": 0, "k": 100.0 },
              "w": { "a": 0, "k": 6.0 },
              "c": { "a": 0, "k": [0.459, 0.459, 0.459, 1.0] }
            },
            {
              "ty": "tr",
              "o": { "a": 0, "k": 100.0 },
              "r": { "a": 0, "k": 0.0 },
              "p": { "a": 0, "k": [48.192, 48.192] },
              "a": { "a": 0, "k": [0.0, 0.0] },
              "s": { "a": 0, "k": [100.0, 100.0] },
              "nm": "T",
              "sk": { "a": 0, "k": 0.0 },
              "sa": { "a": 0, "k": 0.0 }
            }
          ]
        },
        {
          "ty": "gr",
          "nm": "G",
          "bm": 0,
          "it": [
            {
              "ty": "sh",
              "nm": "P",
              "ind": 0,
              "ks": {
                "k": {
                  "i": [
                    [0, 0],
                    [5.284, -6.892],
                    [-8.675, -12.763],
                    [7.351, -9.563],
                    [8.673, 12.768],
                    [9.257, 0.001]
                  ],
                  "o": [
                    [-8.683, -0.006],
                    [12.763, -8.675],
                    [6.78, 9.976],
                    [12.767, -8.673],
                    [-5.201, -7.657],
                    [0, 0]
                  ],
                  "v": [
                    [-4.815, -25.529],
                    [-26.973, -14.605],
                    [11.844, -7.204],
                    [10.887, 25.535],
                    [18.301, -13.287],
                    [-4.813, -25.529]
                  ],
                  "c": true
                },
                "a": 0
              }
            },
            {
              "ty": "fl",
              "nm": "F",
              "bm": 0,
              "c": { "a": 0, "k": [0.72, 0.846, 1.0, 1.0] },
              "o": { "a": 0, "k": 100.0 },
              "r": 1
            },
            {
              "ty": "tr",
              "o": { "a": 0, "k": 100.0 },
              "r": { "a": 0, "k": 0.0 },
              "p": { "a": 0, "k": [53.007, 45.775] },
              "a": { "a": 0, "k": [0.0, 0.0] },
              "s": { "a": 0, "k": [100.0, 100.0] },
              "nm": "T",
              "sk": { "a": 0, "k": 0.0 },
              "sa": { "a": 0, "k": 0.0 }
            }
          ]
        },
        {
          "ty": "gr",
          "nm": "G",
          "bm": 0,
          "it": [
            {
              "ty": "sh",
              "nm": "P",
              "ind": 0,
              "ks": {
                "k": {
                  "i": [
                    [-15.434, 0],
                    [0, -15.433],
                    [15.434, 0],
                    [0, 15.435]
                  ],
                  "o": [
                    [15.434, 0],
                    [0, 15.435],
                    [-15.434, 0],
                    [0, -15.433]
                  ],
                  "v": [
                    [0, -27.946],
                    [27.946, -0.001],
                    [0, 27.946],
                    [-27.946, -0.001]
                  ],
                  "c": true
                },
                "a": 0
              }
            },
            {
              "ty": "fl",
              "nm": "F",
              "bm": 0,
              "c": { "a": 0, "k": [0.26, 0.593, 1.0, 1.0] },
              "o": { "a": 0, "k": 100.0 },
              "r": 1
            },
            {
              "ty": "tr",
              "o": { "a": 0, "k": 100.0 },
              "r": { "a": 0, "k": 0.0 },
              "p": { "a": 0, "k": [48.192, 48.192] },
              "a": { "a": 0, "k": [0.0, 0.0] },
              "s": { "a": 0, "k": [100.0, 100.0] },
              "nm": "T",
              "sk": { "a": 0, "k": 0.0 },
              "sa": { "a": 0, "k": 0.0 }
            }
          ]
        },
        {
          "ty": "gr",
          "nm": "G",
          "bm": 0,
          "it": [
            {
              "ty": "sh",
              "nm": "P",
              "ind": 0,
              "ks": {
                "k": {
                  "i": [
                    [-26.616, 0],
                    [0, -26.615],
                    [26.616, 0],
                    [0, 26.617]
                  ],
                  "o": [
                    [26.616, 0],
                    [0, 26.617],
                    [-26.616, 0],
                    [0, -26.615]
                  ],
                  "v": [
                    [0, -48.192],
                    [48.192, -0.001],
                    [0, 48.192],
                    [-48.192, -0.001]
                  ],
                  "c": true
                },
                "a": 0
              }
            },
            {
              "ty": "fl",
              "nm": "F",
              "bm": 0,
              "c": { "a": 0, "k": [0.26, 0.593, 1.0, 1.0] },
              "o": { "a": 0, "k": 100.0 },
              "r": 1
            },
            {
              "ty": "tr",
              "o": { "a": 0, "k": 100.0 },
              "r": { "a": 0, "k": 0.0 },
              "p": { "a": 0, "k": [48.192, 48.192] },
              "a": { "a": 0, "k": [0.0, 0.0] },
              "s": { "a": 0, "k": [100.0, 100.0] },
              "nm": "T",
              "sk": { "a": 0, "k": 0.0 },
              "sa": { "a": 0, "k": 0.0 }
            }
          ]
        }
      ],
      "ip": 86.0,
      "op": 243.0,
      "st": 86.0
    },
    {
      "ind": 3,
      "ty": 4,
      "nm": "p",
      "sr": 1.0,
      "ks": {
        "o": { "a": 0, "k": 100.0 },
        "r": { "a": 0, "k": 0.0 },
        "p": { "a": 0, "k": [350.19, 626.286, 0.0] },
        "a": { "a": 0, "k": [48.192, 48.192, 0.0] },
        "s": {
          "k": [
            {
              "i": { "x": [0.833, 0.833, 0.833], "y": [0.833, 0.833, 0.833] },
              "o": { "x": [0.167, 0.167, 0.167], "y": [0.167, 0.167, 0.167] },
              "t": 0.0,
              "s": [0.0, 0.0, 100.0]
            },
            {
              "i": { "x": [0.833, 0.833, 0.833], "y": [0.833, 0.833, 0.833] },
              "o": { "x": [0.167, 0.167, 0.167], "y": [0.167, 0.167, 0.167] },
              "t": 8.0,
              "s": [116.0, 116.0, 100.0]
            },
            {
              "i": { "x": [0.833, 0.833, 0.833], "y": [0.833, 0.833, 0.833] },
              "o": { "x": [0.167, 0.167, 0.167], "y": [0.167, 0.167, 0.167] },
              "t": 17.0,
              "s": [94.0, 94.0, 100.0]
            },
            { "t": 24.0, "s": [116.0, 116.0, 100.0] }
          ],
          "a": 1
        }
      },
      "shapes": [
        {
          "ty": "gr",
          "nm": "G",
          "bm": 0,
          "it": [
            {
              "ty": "sh",
              "nm": "P",
              "ind": 0,
              "ks": {
                "k": {
                  "i": [
                    [-15.434, 0],
                    [0, -15.433],
                    [15.434, 0],
                    [0, 15.435]
                  ],
                  "o": [
                    [15.434, 0],
                    [0, 15.435],
                    [-15.434, 0],
                    [0, -15.433]
                  ],
                  "v": [
                    [0, -27.946],
                    [27.946, -0.001],
                    [0, 27.946],
                    [-27.946, -0.001]
                  ],
                  "c": true
                },
                "a": 0
              }
            },
            {
              "ty": "st",
              "nm": "S",
              "bm": 0,
              "lc": 1,
              "lj": 1,
              "ml": 10.0,
              "o": { "a": 0, "k": 100.0 },
              "w": { "a": 0, "k": 6.0 },
              "c": { "a": 0, "k": [0.459, 0.459, 0.459, 1.0] }
            },
            {
              "ty": "tr",
              "o": { "a": 0, "k": 100.0 },
              "r": { "a": 0, "k": 0.0 },
              "p": { "a": 0, "k": [48.192, 48.192] },
              "a": { "a": 0, "k": [0.0, 0.0] },
              "s": { "a": 0, "k": [100.0, 100.0] },
              "nm": "T",
              "sk": { "a": 0, "k": 0.0 },
              "sa": { "a": 0, "k": 0.0 }
            }
          ]
        },
        {
          "ty": "gr",
          "nm": "G",
          "bm": 0,
          "it": [
            {
              "ty": "sh",
              "nm": "P",
              "ind": 0,
              "ks": {
                "k": {
                  "i": [
                    [0, 0],
                    [5.284, -6.892],
                    [-8.675, -12.763],
                    [7.351, -9.563],
                    [8.673, 12.768],
                    [9.257, 0.001]
                  ],
                  "o": [
                    [-8.683, -0.006],
                    [12.763, -8.675],
                    [6.78, 9.976],
                    [12.767, -8.673],
                    [-5.201, -7.657],
                    [0, 0]
                  ],
                  "v": [
                    [-4.815, -25.529],
                    [-26.973, -14.605],
                    [11.844, -7.204],
                    [10.887, 25.535],
                    [18.301, -13.287],
                    [-4.813, -25.529]
                  ],
                  "c": true
                },
                "a": 0
              }
            },
            {
              "ty": "fl",
              "nm": "F",
              "bm": 0,
              "c": { "a": 0, "k": [0.72, 0.846, 1.0, 1.0] },
              "o": { "a": 0, "k": 100.0 },
              "r": 1
            },
            {
              "ty": "tr",
              "o": { "a": 0, "k": 100.0 },
              "r": { "a": 0, "k": 0.0 },
              "p": { "a": 0, "k": [53.007, 45.775] },
              "a": { "a": 0, "k": [0.0, 0.0] },
              "s": { "a": 0, "k": [100.0, 100.0] },
              "nm": "T",
              "sk": { "a": 0, "k": 0.0 },
              "sa": { "a": 0, "k": 0.0 }
            }
          ]
        },
        {
          "ty": "gr",
          "nm": "G",
          "bm": 0,
          "it": [
            {
              "ty": "sh",
              "nm": "P",
              "ind": 0,
              "ks": {
                "k": {
                  "i": [
                    [-15.434, 0],
                    [0, -15.433],
                    [15.434, 0],
                    [0, 15.435]
                  ],
                  "o": [
                    [15.434, 0],
                    [0, 15.435],
                    [-15.434, 0],
                    [0, -15.433]
                  ],
                  "v": [
                    [0, -27.946],
                    [27.946, -0.001],
                    [0, 27.946],
                    [-27.946, -0.001]
                  ],
                  "c": true
                },
                "a": 0
              }
            },
            {
              "ty": "fl",
              "nm": "F",
              "bm": 0,
              "c": { "a": 0, "k": [0.26, 0.593, 1.0, 1.0] },
              "o": { "a": 0, "k": 100.0 },
              "r": 1
            },
            {
              "ty": "tr",
              "o": { "a": 0, "k": 100.0 },
              "r": { "a": 0, "k": 0.0 },
              "p": { "a": 0, "k": [48.192, 48.192] },
              "a": { "a": 0, "k": [0.0, 0.0] },
              "s": { "a": 0, "k": [100.0, 100.0] },
              "nm": "T",
              "sk": { "a": 0, "k": 0.0 },
              "sa": { "a": 0, "k": 0.0 }
            }
          ]
        },
        {
          "ty": "gr",
          "nm": "G",
          "bm": 0,
          "it": [
            {
              "ty": "sh",
              "nm": "P",
              "ind": 0,
              "ks": {
                "k": {
                  "i": [
                    [-26.616, 0],
                    [0, -26.615],
                    [26.616, 0],
                    [0, 26.617]
                  ],
                  "o": [
                    [26.616, 0],
                    [0, 26.617],
                    [-26.616, 0],
                    [0, -26.615]
                  ],
                  "v": [
                    [0, -48.192],
                    [48.192, -0.001],
                    [0, 48.192],
                    [-48.192, -0.001]
                  ],
                  "c": true
                },
                "a": 0
              }
            },
            {
              "ty": "fl",
              "nm": "F",
              "bm": 0,
              "c": { "a": 0, "k": [0.26, 0.593, 1.0, 1.0] },
              "o": { "a": 0, "k": 100.0 },
              "r": 1
            },
            {
              "ty": "tr",
              "o": { "a": 0, "k": 100.0 },
              "r": { "a": 0, "k": 0.0 },
              "p": { "a": 0, "k": [48.192, 48.192] },
              "a": { "a": 0, "k": [0.0, 0.0] },
              "s": { "a": 0, "k": [100.0, 100.0] },
              "nm": "T",
              "sk": { "a": 0, "k": 0.0 },
              "sa": { "a": 0, "k": 0.0 }
            }
          ]
        }
      ],
      "ip": 0.0,
      "op": 157.0,
      "st": 0.0
    },
    {
      "ind": 4,
      "ty": 4,
      "nm": "r",
      "sr": 1.0,
      "ks": {
        "o": { "a": 0, "k": 100.0 },
        "r": { "a": 0, "k": 0.0 },
        "p": { "a": 0, "k": [526.178, 502.0, 0.0] },
        "a": { "a": 0, "k": [26.178, 2.0, 0.0] },
        "s": { "a": 0, "k": [100.0, 100.0, 100.0] }
      },
      "shapes": [
        {
          "ty": "gr",
          "nm": "S",
          "bm": 0,
          "it": [
            {
              "ty": "sh",
              "nm": "P",
              "ind": 0,
              "ks": {
                "k": {
                  "i": [
                    [0, 0],
                    [-15, 16],
                    [45, 64],
                    [-3, 5],
                    [-61, -7],
                    [-17, -51],
                    [-11.45, 10.904],
                    [-28.113, 20.824],
                    [-4.426, 7.376],
                    [9, 64]
                  ],
                  "o": [
                    [0, 0],
                    [15, -16],
                    [-45, -64],
                    [3, -5],
                    [61, 7],
                    [17, 51],
                    [21, -20],
                    [27, -20],
                    [12, -20],
                    [-8.135, -57.852]
                  ],
                  "v": [
                    [-143, 125],
                    [-74, 93],
                    [-95, 12],
                    [-129, -73],
                    [-47, -83],
                    [48, 15],
                    [108, 65],
                    [134, -4],
                    [191, -37],
                    [189, -121]
                  ],
                  "c": false
                },
                "a": 0
              }
            },
            {
              "ty": "st",
              "nm": "S",
              "bm": 0,
              "lc": 2,
              "lj": 2,
              "o": { "a": 0, "k": 100.0 },
              "w": { "a": 0, "k": 4.0 },
              "d": [
                { "nm": "d", "n": "d", "v": { "a": 0, "k": 10.0 } },
                { "nm": "o", "n": "o", "v": { "a": 0, "k": 113.0 } }
              ],
              "c": { "a": 0, "k": [0.459, 0.459, 0.459, 1.0] }
            },
            {
              "ty": "tr",
              "o": { "a": 0, "k": 100.0 },
              "r": { "a": 0, "k": 0.0 },
              "p": { "a": 0, "k": [0.0, 0.0] },
              "a": { "a": 0, "k": [0.0, 0.0] },
              "s": { "a": 0, "k": [100.0, 100.0] },
              "nm": "T",
              "sk": { "a": 0, "k": 0.0 },
              "sa": { "a": 0, "k": 0.0 }
            }
          ]
        },
        {
          "ty": "tm",
          "nm": "T",
          "s": { "a": 0, "k": 0.0 },
          "e": {
            "a": 1,
            "k": [
              {
                "i": { "x": [0.833], "y": [0.833] },
                "o": { "x": [0.167], "y": [0.167] },
                "t": 10.0,
                "s": [0.0]
              },
              {
                "i": { "x": [0.833], "y": [0.833] },
                "o": { "x": [0.167], "y": [0.167] },
                "t": 33.0,
                "s": [4.0]
              },
              {
                "i": { "x": [0.833], "y": [0.833] },
                "o": { "x": [0.167], "y": [0.167] },
                "t": 41.0,
                "s": [18.0]
              },
              {
                "i": { "x": [0.833], "y": [0.833] },
                "o": { "x": [0.167], "y": [0.167] },
                "t": 50.0,
                "s": [37.0]
              },
              {
                "i": { "x": [0.833], "y": [0.833] },
                "o": { "x": [0.167], "y": [0.167] },
                "t": 58.0,
                "s": [44.0]
              },
              {
                "i": { "x": [0.833], "y": [0.833] },
                "o": { "x": [0.167], "y": [0.167] },
                "t": 66.0,
                "s": [56.0]
              },
              {
                "i": { "x": [0.833], "y": [0.833] },
                "o": { "x": [0.167], "y": [0.167] },
                "t": 74.0,
                "s": [73.0]
              },
              {
                "i": { "x": [0.833], "y": [0.833] },
                "o": { "x": [0.167], "y": [0.167] },
                "t": 81.0,
                "s": [82.0]
              },
              { "t": 89.0, "s": [100.0] }
            ]
          },
          "o": { "a": 0, "k": 0.0 },
          "m": 1
        }
      ],
      "ip": 0.0,
      "op": 157.0,
      "st": 0.0
    },
    {
      "ind": 5,
      "ty": 4,
      "nm": "m",
      "sr": 1.0,
      "ks": {
        "o": { "a": 0, "k": 100.0 },
        "r": { "a": 0, "k": 0.0 },
        "p": { "a": 0, "k": [508.163, 532.302, 0.0] },
        "a": { "a": 0, "k": [338.106, 280.541, 0.0] },
        "s": { "a": 0, "k": [116.0, 116.0, 100.0] }
      },
      "shapes": [
        {
          "ty": "gr",
          "nm": "G",
          "bm": 0,
          "it": [
            {
              "ty": "sh",
              "nm": "P",
              "ind": 0,
              "ks": {
                "k": {
                  "i": [
                    [0, 0],
                    [0, 0],
                    [0, 0],
                    [0, 0],
                    [0, 0],
                    [0, 0]
                  ],
                  "o": [
                    [0, 0],
                    [0, 0],
                    [0, 0],
                    [0, 0],
                    [0, 0],
                    [0, 0]
                  ],
                  "v": [
                    [-36.676, -52.587],
                    [47.251, -89.121],
                    [80.406, 11.889],
                    [-55.496, 89.121],
                    [-80.406, 18.819],
                    [-27.266, -11.07]
                  ],
                  "c": true
                },
                "a": 0
              }
            },
            {
              "ty": "st",
              "nm": "S",
              "bm": 0,
              "lc": 2,
              "lj": 2,
              "o": { "a": 0, "k": 100.0 },
              "w": { "a": 0, "k": 4.0 },
              "c": { "a": 0, "k": [0.459, 0.459, 0.459, 1.0] }
            },
            {
              "ty": "tr",
              "o": { "a": 0, "k": 100.0 },
              "r": { "a": 0, "k": 0.0 },
              "p": { "a": 0, "k": [549.524, 353.456] },
              "a": { "a": 0, "k": [0.0, 0.0] },
              "s": { "a": 0, "k": [100.0, 100.0] },
              "nm": "T",
              "sk": { "a": 0, "k": 0.0 },
              "sa": { "a": 0, "k": 0.0 }
            }
          ]
        },
        {
          "ty": "gr",
          "nm": "G",
          "bm": 0,
          "it": [
            {
              "ty": "sh",
              "nm": "P",
              "ind": 0,
              "ks": {
                "k": {
                  "i": [
                    [0, 0],
                    [0, 0],
                    [0, 0],
                    [0, 0],
                    [0, 0],
                    [0, 0]
                  ],
                  "o": [
                    [0, 0],
                    [0, 0],
                    [0, 0],
                    [0, 0],
                    [0, 0],
                    [0, 0]
                  ],
                  "v": [
                    [-36.676, -52.587],
                    [47.251, -89.121],
                    [80.406, 11.889],
                    [-55.496, 89.121],
                    [-80.406, 18.819],
                    [-27.266, -11.07]
                  ],
                  "c": true
                },
                "a": 0
              }
            },
            {
              "ty": "fl",
              "nm": "F",
              "bm": 0,
              "c": { "a": 0, "k": [0.322, 0.51, 0.741, 1.0] },
              "o": { "a": 0, "k": 100.0 },
              "r": 1
            },
            {
              "ty": "tr",
              "o": { "a": 0, "k": 100.0 },
              "r": { "a": 0, "k": 0.0 },
              "p": { "a": 0, "k": [549.524, 353.456] },
              "a": { "a": 0, "k": [0.0, 0.0] },
              "s": { "a": 0, "k": [100.0, 100.0] },
              "nm": "T",
              "sk": { "a": 0, "k": 0.0 },
              "sa": { "a": 0, "k": 0.0 }
            }
          ]
        },
        {
          "ty": "gr",
          "nm": "G",
          "bm": 0,
          "it": [
            {
              "ty": "sh",
              "nm": "P",
              "ind": 0,
              "ks": {
                "k": {
                  "i": [
                    [0, 0],
                    [0, 0],
                    [0, 0],
                    [0, 0]
                  ],
                  "o": [
                    [0, 0],
                    [0, 0],
                    [0, 0],
                    [0, 0]
                  ],
                  "v": [
                    [-33.926, -31.099],
                    [11.813, -19.581],
                    [33.926, 31.099],
                    [-15.347, 23.021]
                  ],
                  "c": true
                },
                "a": 0
              }
            },
            {
              "ty": "st",
              "nm": "S",
              "bm": 0,
              "lc": 2,
              "lj": 2,
              "o": { "a": 0, "k": 100.0 },
              "w": { "a": 0, "k": 4.0 },
              "c": { "a": 0, "k": [0.459, 0.459, 0.459, 1.0] }
            },
            {
              "ty": "tr",
              "o": { "a": 0, "k": 100.0 },
              "r": { "a": 0, "k": 0.0 },
              "p": { "a": 0, "k": [375.606, 347.411] },
              "a": { "a": 0, "k": [0.0, 0.0] },
              "s": { "a": 0, "k": [100.0, 100.0] },
              "nm": "T",
              "sk": { "a": 0, "k": 0.0 },
              "sa": { "a": 0, "k": 0.0 }
            }
          ]
        },
        {
          "ty": "gr",
          "nm": "G",
          "bm": 0,
          "it": [
            {
              "ty": "sh",
              "nm": "P",
              "ind": 0,
              "ks": {
                "k": {
                  "i": [
                    [0, 0],
                    [0, 0],
                    [0, 0],
                    [0, 0]
                  ],
                  "o": [
                    [0, 0],
                    [0, 0],
                    [0, 0],
                    [0, 0]
                  ],
                  "v": [
                    [-33.926, -31.099],
                    [11.813, -19.581],
                    [33.926, 31.099],
                    [-15.347, 23.021]
                  ],
                  "c": true
                },
                "a": 0
              }
            },
            {
              "ty": "fl",
              "nm": "F",
              "bm": 0,
              "c": { "a": 0, "k": [0.322, 0.51, 0.741, 1.0] },
              "o": { "a": 0, "k": 100.0 },
              "r": 1
            },
            {
              "ty": "tr",
              "o": { "a": 0, "k": 100.0 },
              "r": { "a": 0, "k": 0.0 },
              "p": { "a": 0, "k": [375.606, 347.411] },
              "a": { "a": 0, "k": [0.0, 0.0] },
              "s": { "a": 0, "k": [100.0, 100.0] },
              "nm": "T",
              "sk": { "a": 0, "k": 0.0 },
              "sa": { "a": 0, "k": 0.0 }
            }
          ]
        },
        {
          "ty": "gr",
          "nm": "G",
          "bm": 0,
          "it": [
            {
              "ty": "sh",
              "nm": "P",
              "ind": 0,
              "ks": {
                "k": {
                  "i": [
                    [0, 0],
                    [0, 0],
                    [0, 0],
                    [0, 0],
                    [7.39, -3.569],
                    [0, 0],
                    [-0.515, -1.835],
                    [0, 0],
                    [0, 0],
                    [0, 0]
                  ],
                  "o": [
                    [0, 0],
                    [0, 0],
                    [0, 0],
                    [-7.749, -2.703],
                    [0, 0],
                    [-1.607, 1.025],
                    [0, 0],
                    [0, 0],
                    [0, 0],
                    [0, 0]
                  ],
                  "v": [
                    [48.103, -46.906],
                    [128.256, -31.713],
                    [109.849, -64.065],
                    [43.51, -87.21],
                    [19.865, -85.858],
                    [-125.902, 2.685],
                    [-127.741, 7.501],
                    [-104.233, 89.913],
                    [-40.144, 74.066],
                    [-51.914, 26.854]
                  ],
                  "c": true
                },
                "a": 0
              }
            },
            {
              "ty": "st",
              "nm": "S",
              "bm": 0,
              "lc": 2,
              "lj": 2,
              "o": { "a": 0, "k": 100.0 },
              "w": { "a": 0, "k": 4.0 },
              "c": { "a": 0, "k": [0.27, 0.558, 0.91, 1.0] }
            },
            {
              "ty": "tr",
              "o": { "a": 0, "k": 100.0 },
              "r": { "a": 0, "k": 0.0 },
              "p": { "a": 0, "k": [166.555, 159.129] },
              "a": { "a": 0, "k": [0.0, 0.0] },
              "s": { "a": 0, "k": [100.0, 100.0] },
              "nm": "T",
              "sk": { "a": 0, "k": 0.0 },
              "sa": { "a": 0, "k": 0.0 }
            }
          ]
        },
        {
          "ty": "gr",
          "nm": "G",
          "bm": 0,
          "it": [
            {
              "ty": "sh",
              "nm": "P",
              "ind": 0,
              "ks": {
                "k": {
                  "i": [
                    [0, 0],
                    [0, 0],
                    [0, 0],
                    [0, 0],
                    [7.39, -3.569],
                    [0, 0],
                    [-0.515, -1.835],
                    [0, 0],
                    [0, 0],
                    [0, 0]
                  ],
                  "o": [
                    [0, 0],
                    [0, 0],
                    [0, 0],
                    [-7.749, -2.703],
                    [0, 0],
                    [-1.607, 1.025],
                    [0, 0],
                    [0, 0],
                    [0, 0],
                    [0, 0]
                  ],
                  "v": [
                    [48.103, -46.906],
                    [128.256, -31.713],
                    [109.849, -64.065],
                    [43.51, -87.21],
                    [19.865, -85.858],
                    [-125.902, 2.685],
                    [-127.741, 7.501],
                    [-104.233, 89.913],
                    [-40.144, 74.066],
                    [-51.914, 26.854]
                  ],
                  "c": true
                },
                "a": 0
              }
            },
            {
              "ty": "fl",
              "nm": "F",
              "bm": 0,
              "c": { "a": 0, "k": [0.72, 0.846, 1.0, 1.0] },
              "o": { "a": 0, "k": 100.0 },
              "r": 1
            },
            {
              "ty": "tr",
              "o": { "a": 0, "k": 100.0 },
              "r": { "a": 0, "k": 0.0 },
              "p": { "a": 0, "k": [166.555, 159.129] },
              "a": { "a": 0, "k": [0.0, 0.0] },
              "s": { "a": 0, "k": [100.0, 100.0] },
              "nm": "T",
              "sk": { "a": 0, "k": 0.0 },
              "sa": { "a": 0, "k": 0.0 }
            }
          ]
        },
        {
          "ty": "gr",
          "nm": "G",
          "bm": 0,
          "it": [
            {
              "ty": "sh",
              "nm": "P",
              "ind": 0,
              "ks": {
                "k": {
                  "i": [
                    [9.636, -6.134],
                    [0, 0],
                    [17.656, 5.675],
                    [0, 0],
                    [15.618, -9.87],
                    [0, 0],
                    [7.613, 12.049],
                    [0.674, 2.366],
                    [0, 0],
                    [-9.679, 6.117],
                    [0, 0],
                    [-17.589, -5.654],
                    [0, 0],
                    [-15.645, 9.957],
                    [0, 0],
                    [-7.652, -12.025],
                    [-0.682, -2.394],
                    [0, 0]
                  ],
                  "o": [
                    [0, 0],
                    [-15.647, 9.956],
                    [0, 0],
                    [-17.589, -5.653],
                    [0, 0],
                    [-12.048, 7.614],
                    [-1.314, -2.081],
                    [0, 0],
                    [-3.141, -11.012],
                    [0, 0],
                    [15.618, -9.87],
                    [0, 0],
                    [17.656, 5.675],
                    [0, 0],
                    [12.024, -7.652],
                    [1.335, 2.099],
                    [0, 0],
                    [3.135, 10.983]
                  ],
                  "v": [
                    [309.012, 128.382],
                    [191.435, 203.203],
                    [138.868, 209.961],
                    [-7.257, 162.992],
                    [-59.656, 169.648],
                    [-185.996, 249.495],
                    [-221.596, 241.464],
                    [-224.595, 234.76],
                    [-319.965, -99.579],
                    [-308.936, -128.472],
                    [-169.782, -216.427],
                    [-117.383, -223.079],
                    [28.741, -176.11],
                    [81.307, -182.87],
                    [185.946, -249.457],
                    [221.573, -241.539],
                    [224.616, -234.764],
                    [319.971, 99.528]
                  ],
                  "c": true
                },
                "a": 0
              }
            },
            {
              "ty": "st",
              "nm": "S",
              "bm": 0,
              "lc": 1,
              "lj": 1,
              "ml": 10.0,
              "o": { "a": 0, "k": 100.0 },
              "w": { "a": 0, "k": 6.0 },
              "c": { "a": 0, "k": [0.459, 0.459, 0.459, 1.0] }
            },
            {
              "ty": "tr",
              "o": { "a": 0, "k": 100.0 },
              "r": { "a": 0, "k": 0.0 },
              "p": { "a": 0, "k": [338.106, 272.109] },
              "a": { "a": 0, "k": [0.0, 0.0] },
              "s": { "a": 0, "k": [100.0, 100.0] },
              "nm": "T",
              "sk": { "a": 0, "k": 0.0 },
              "sa": { "a": 0, "k": 0.0 }
            }
          ]
        },
        {
          "ty": "gr",
          "nm": "G",
          "bm": 0,
          "it": [
            {
              "ty": "sh",
              "nm": "P",
              "ind": 0,
              "ks": {
                "k": {
                  "i": [
                    [0, 0],
                    [0, 0],
                    [0, 0],
                    [0, 0],
                    [0, 0],
                    [0, 0],
                    [-1.94, 0.009],
                    [-0.669, 0.442],
                    [0, 0]
                  ],
                  "o": [
                    [0, 0],
                    [0, 0],
                    [0, 0],
                    [0, 0],
                    [0, 0],
                    [0.536, 1.864],
                    [0.8, -0.003],
                    [0, 0],
                    [-0.522, -0.611]
                  ],
                  "v": [
                    [120.82, 6.557],
                    [98.957, -55.129],
                    [-4.362, -19.757],
                    [-36.669, -113.364],
                    [-120.82, -96.616],
                    [-61.82, 110.218],
                    [-57.636, 113.355],
                    [-55.385, 112.674],
                    [64.729, 36.761]
                  ],
                  "c": true
                },
                "a": 0
              }
            },
            {
              "ty": "fl",
              "nm": "F",
              "bm": 0,
              "c": { "a": 0, "k": [0.68, 0.824, 1.0, 1.0] },
              "o": { "a": 0, "k": 100.0 },
              "r": 1
            },
            {
              "ty": "tr",
              "o": { "a": 0, "k": 100.0 },
              "r": { "a": 0, "k": 0.0 },
              "p": { "a": 0, "k": [196.004, 390.752] },
              "a": { "a": 0, "k": [0.0, 0.0] },
              "s": { "a": 0, "k": [100.0, 100.0] },
              "nm": "T",
              "sk": { "a": 0, "k": 0.0 },
              "sa": { "a": 0, "k": 0.0 }
            }
          ]
        },
        {
          "ty": "gr",
          "nm": "G",
          "bm": 0,
          "it": [
            {
              "ty": "sh",
              "nm": "P",
              "ind": 0,
              "ks": {
                "k": {
                  "i": [
                    [9.636, -6.134],
                    [0, 0],
                    [17.656, 5.675],
                    [0, 0],
                    [15.618, -9.87],
                    [0, 0],
                    [7.613, 12.049],
                    [0.674, 2.366],
                    [0, 0],
                    [-9.679, 6.117],
                    [0, 0],
                    [-17.589, -5.654],
                    [0, 0],
                    [-15.645, 9.957],
                    [0, 0],
                    [-7.652, -12.025],
                    [-0.682, -2.394],
                    [0, 0]
                  ],
                  "o": [
                    [0, 0],
                    [-15.647, 9.956],
                    [0, 0],
                    [-17.589, -5.653],
                    [0, 0],
                    [-12.048, 7.614],
                    [-1.314, -2.081],
                    [0, 0],
                    [-3.141, -11.012],
                    [0, 0],
                    [15.618, -9.87],
                    [0, 0],
                    [17.656, 5.675],
                    [0, 0],
                    [12.024, -7.652],
                    [1.335, 2.099],
                    [0, 0],
                    [3.135, 10.983]
                  ],
                  "v": [
                    [309.012, 128.382],
                    [191.435, 203.203],
                    [138.868, 209.961],
                    [-7.257, 162.992],
                    [-59.656, 169.648],
                    [-185.996, 249.495],
                    [-221.596, 241.464],
                    [-224.595, 234.76],
                    [-319.965, -99.579],
                    [-308.936, -128.472],
                    [-169.782, -216.427],
                    [-117.383, -223.079],
                    [28.741, -176.11],
                    [81.307, -182.87],
                    [185.946, -249.457],
                    [221.573, -241.539],
                    [224.616, -234.764],
                    [319.971, 99.528]
                  ],
                  "c": true
                },
                "a": 0
              }
            },
            {
              "ty": "fl",
              "nm": "F",
              "bm": 0,
              "c": { "a": 0, "k": [1.0, 1.0, 1.0, 1.0] },
              "o": { "a": 0, "k": 100.0 },
              "r": 1
            },
            {
              "ty": "tr",
              "o": { "a": 0, "k": 100.0 },
              "r": { "a": 0, "k": 0.0 },
              "p": { "a": 0, "k": [338.106, 272.109] },
              "a": { "a": 0, "k": [0.0, 0.0] },
              "s": { "a": 0, "k": [100.0, 100.0] },
              "nm": "T",
              "sk": { "a": 0, "k": 0.0 },
              "sa": { "a": 0, "k": 0.0 }
            }
          ]
        },
        {
          "ty": "gr",
          "nm": "G",
          "bm": 0,
          "it": [
            {
              "ty": "sh",
              "nm": "P",
              "ind": 0,
              "ks": {
                "k": {
                  "i": [
                    [9.636, -6.132],
                    [0, 0],
                    [16.047, 5.157],
                    [0, 0],
                    [14.298, -9.127],
                    [0, 0],
                    [7.613, 12.049],
                    [0.675, 2.366],
                    [0, 0],
                    [-9.679, 6.118],
                    [0, 0],
                    [-17.59, -5.653],
                    [0, 0],
                    [-15.646, 9.956],
                    [0, 0],
                    [-7.651, -12.025],
                    [-0.682, -2.393],
                    [0, 0]
                  ],
                  "o": [
                    [0, 0],
                    [-14.257, 8.991],
                    [0, 0],
                    [-16.15, -5.19],
                    [0, 0],
                    [-12.049, 7.614],
                    [-1.314, -2.08],
                    [0, 0],
                    [-3.14, -11.011],
                    [0, 0],
                    [15.619, -9.871],
                    [0, 0],
                    [17.656, 5.675],
                    [0, 0],
                    [12.024, -7.651],
                    [1.336, 2.1],
                    [0, 0],
                    [3.133, 10.983]
                  ],
                  "v": [
                    [309.006, 128.383],
                    [171.315, 215.214],
                    [123.505, 221.262],
                    [-27.426, 172.746],
                    [-75.497, 178.961],
                    [-185.997, 249.498],
                    [-221.598, 241.466],
                    [-224.598, 234.762],
                    [-319.968, -99.578],
                    [-308.938, -128.471],
                    [-169.778, -216.42],
                    [-117.378, -223.075],
                    [28.737, -176.107],
                    [81.303, -182.865],
                    [185.942, -249.454],
                    [221.568, -241.535],
                    [224.612, -234.761],
                    [319.967, 99.533]
                  ],
                  "c": true
                },
                "a": 0
              }
            },
            {
              "ty": "fl",
              "nm": "F",
              "bm": 0,
              "c": { "a": 0, "k": [0.56, 0.758, 1.0, 1.0] },
              "o": { "a": 0, "k": 100.0 },
              "r": 1
            },
            {
              "ty": "tr",
              "o": { "a": 0, "k": 100.0 },
              "r": { "a": 0, "k": 0.0 },
              "p": { "a": 0, "k": [332.736, 307.591] },
              "a": { "a": 0, "k": [0.0, 0.0] },
              "s": { "a": 0, "k": [100.0, 100.0] },
              "nm": "T",
              "sk": { "a": 0, "k": 0.0 },
              "sa": { "a": 0, "k": 0.0 }
            }
          ]
        }
      ],
      "ip": 0.0,
      "op": 153.0,
      "st": 0.0
    }
  ],
  "markers": []
}
